{
  "project_info": {
    "project_number": "525018601312",
    "project_id": "sample-cb944",
    "storage_bucket": "sample-cb944.appspot.com"
  },
  "client": [
    {
      "client_info": {
        "mobilesdk_app_id": "1:525018601312:android:3adfefe205163467a97005",
        "android_client_info": {
          "package_name": "com.example.myapplication"
        }
      },
      "oauth_client": [
        {
          "client_id": "525018601312-1h42akmstqa525tqip2dpkufn6ovrpas.apps.googleusercontent.com",
          "client_type": 3
        }
      ],
      "api_key": [
        {
          "current_key": "AIzaSyCk1tfgcGHQLgwbTL2aeMnM-2bCRuXKBoY"
        }
      ],
      "services": {
        "appinvite_service": {
          "other_platform_oauth_client": [
            {
              "client_id": "525018601312-1h42akmstqa525tqip2dpkufn6ovrpas.apps.googleusercontent.com",
              "client_type": 3
            }
          ]
        }
      }
    }
  ],
  "configuration_version": "1"
}